[{"model": "admin.logentry", "pk": 1, "fields": {"action_time": "2022-11-08T15:15:52.962Z", "user": 1, "content_type": 8, "object_id": "1", "object_repr": "MainPhoto object (1)", "action_flag": 1, "change_message": "[{\"added\": {}}]"}}, {"model": "admin.logentry", "pk": 2, "fields": {"action_time": "2022-11-08T15:16:10.772Z", "user": 1, "content_type": 7, "object_id": "1", "object_repr": "цукцук", "action_flag": 1, "change_message": "[{\"added\": {}}]"}}, {"model": "admin.logentry", "pk": 3, "fields": {"action_time": "2022-11-08T15:16:25.630Z", "user": 1, "content_type": 9, "object_id": "1", "object_repr": "fghgf", "action_flag": 1, "change_message": "[{\"added\": {}}]"}}, {"model": "admin.logentry", "pk": 4, "fields": {"action_time": "2022-11-08T15:16:32.312Z", "user": 1, "content_type": 10, "object_id": "1", "object_repr": "Nekoprrr", "action_flag": 1, "change_message": "[{\"added\": {}}]"}}, {"model": "admin.logentry", "pk": 5, "fields": {"action_time": "2022-11-08T16:12:37.762Z", "user": 1, "content_type": 8, "object_id": "2", "object_repr": "MainPhoto object (2)", "action_flag": 1, "change_message": "[{\"added\": {}}]"}}, {"model": "admin.logentry", "pk": 6, "fields": {"action_time": "2022-11-08T16:12:52.177Z", "user": 1, "content_type": 10, "object_id": "2", "object_repr": "dfds", "action_flag": 1, "change_message": "[{\"added\": {}}]"}}, {"model": "admin.logentry", "pk": 7, "fields": {"action_time": "2022-11-08T16:17:08.089Z", "user": 1, "content_type": 10, "object_id": "2", "object_repr": "dfds", "action_flag": 3, "change_message": ""}}, {"model": "admin.logentry", "pk": 8, "fields": {"action_time": "2022-11-09T14:37:20.793Z", "user": 1, "content_type": 10, "object_id": "1", "object_repr": "Nekoprrr", "action_flag": 2, "change_message": "[{\"changed\": {\"fields\": [\"Photo\"]}}]"}}, {"model": "admin.logentry", "pk": 9, "fields": {"action_time": "2022-11-09T16:25:09.024Z", "user": 1, "content_type": 11, "object_id": "1", "object_repr": "Gallery object (1)", "action_flag": 1, "change_message": "[{\"added\": {}}]"}}, {"model": "admin.logentry", "pk": 10, "fields": {"action_time": "2022-11-10T15:57:15.335Z", "user": 1, "content_type": 10, "object_id": "1", "object_repr": "Nekoprrr", "action_flag": 2, "change_message": "[{\"added\": {\"name\": \"\\u0433\\u0430\\u043b\\u0435\\u0440\\u0435\\u044f \\u0444\\u043e\\u0442\\u043e\\u0433\\u0440\\u0430\\u0444\\u0438\\u0438\", \"object\": \"Gallery object (2)\"}}]"}}, {"model": "admin.logentry", "pk": 11, "fields": {"action_time": "2022-11-10T15:58:05.784Z", "user": 1, "content_type": 10, "object_id": "1", "object_repr": "Nekoprrr", "action_flag": 2, "change_message": "[{\"added\": {\"name\": \"\\u0433\\u0430\\u043b\\u0435\\u0440\\u0435\\u044f \\u0444\\u043e\\u0442\\u043e\\u0433\\u0440\\u0430\\u0444\\u0438\\u0438\", \"object\": \"Gallery object (3)\"}}]"}}, {"model": "admin.logentry", "pk": 12, "fields": {"action_time": "2022-11-13T14:49:04.299Z", "user": 1, "content_type": 10, "object_id": "1", "object_repr": "Nekoprrr", "action_flag": 3, "change_message": ""}}, {"model": "admin.logentry", "pk": 13, "fields": {"action_time": "2022-11-13T14:49:55.557Z", "user": 1, "content_type": 7, "object_id": "2", "object_repr": "Амогус", "action_flag": 1, "change_message": "[{\"added\": {}}]"}}, {"model": "admin.logentry", "pk": 14, "fields": {"action_time": "2022-11-13T14:50:17.430Z", "user": 1, "content_type": 9, "object_id": "2", "object_repr": "Сладкое", "action_flag": 1, "change_message": "[{\"added\": {}}]"}}, {"model": "admin.logentry", "pk": 15, "fields": {"action_time": "2022-11-13T14:50:27.813Z", "user": 1, "content_type": 9, "object_id": "3", "object_repr": "Вкусное", "action_flag": 1, "change_message": "[{\"added\": {}}]"}}, {"model": "admin.logentry", "pk": 16, "fields": {"action_time": "2022-11-13T14:51:57.637Z", "user": 1, "content_type": 10, "object_id": "2", "object_repr": "Амогус", "action_flag": 1, "change_message": "[{\"added\": {}}, {\"added\": {\"name\": \"\\u0433\\u0430\\u043b\\u0435\\u0440\\u0435\\u044f \\u0444\\u043e\\u0442\\u043e\\u0433\\u0440\\u0430\\u0444\\u0438\\u0438\", \"object\": \"Gallery object (4)\"}}, {\"added\": {\"name\": \"\\u0433\\u0430\\u043b\\u0435\\u0440\\u0435\\u044f \\u0444\\u043e\\u0442\\u043e\\u0433\\u0440\\u0430\\u0444\\u0438\\u0438\", \"object\": \"Gallery object (5)\"}}]"}}, {"model": "admin.logentry", "pk": 17, "fields": {"action_time": "2022-11-13T15:35:55.827Z", "user": 1, "content_type": 10, "object_id": "2", "object_repr": "Амогус", "action_flag": 2, "change_message": "[{\"changed\": {\"fields\": [\"\\u0424\\u043b\\u0430\\u0433\"]}}]"}}, {"model": "admin.logentry", "pk": 18, "fields": {"action_time": "2022-11-13T15:36:16.652Z", "user": 1, "content_type": 10, "object_id": "2", "object_repr": "Амогус", "action_flag": 2, "change_message": "[{\"changed\": {\"fields\": [\"\\u0424\\u043b\\u0430\\u0433\"]}}]"}}, {"model": "admin.logentry", "pk": 19, "fields": {"action_time": "2022-11-13T15:37:49.096Z", "user": 1, "content_type": 10, "object_id": "2", "object_repr": "Амогус", "action_flag": 2, "change_message": "[]"}}, {"model": "admin.logentry", "pk": 20, "fields": {"action_time": "2022-11-13T18:36:33.740Z", "user": 1, "content_type": 7, "object_id": "2", "object_repr": "Обычный", "action_flag": 2, "change_message": "[{\"changed\": {\"fields\": [\"\\u0418\\u043c\\u044f\"]}}]"}}, {"model": "admin.logentry", "pk": 21, "fields": {"action_time": "2022-11-13T18:36:40.048Z", "user": 1, "content_type": 7, "object_id": "1", "object_repr": "цукцук", "action_flag": 3, "change_message": ""}}, {"model": "admin.logentry", "pk": 22, "fields": {"action_time": "2022-11-13T18:37:01.703Z", "user": 1, "content_type": 10, "object_id": "2", "object_repr": "Зеленый амогус", "action_flag": 2, "change_message": "[{\"changed\": {\"fields\": [\"\\u0418\\u043c\\u044f\"]}}]"}}, {"model": "admin.logentry", "pk": 23, "fields": {"action_time": "2022-11-13T18:38:15.510Z", "user": 1, "content_type": 7, "object_id": "3", "object_repr": "Эпический", "action_flag": 1, "change_message": "[{\"added\": {}}]"}}, {"model": "admin.logentry", "pk": 24, "fields": {"action_time": "2022-11-13T18:38:32.273Z", "user": 1, "content_type": 9, "object_id": "4", "object_repr": "Эпический", "action_flag": 1, "change_message": "[{\"added\": {}}]"}}, {"model": "admin.logentry", "pk": 25, "fields": {"action_time": "2022-11-13T18:38:55.738Z", "user": 1, "content_type": 9, "object_id": "5", "object_repr": "Алмазный", "action_flag": 1, "change_message": "[{\"added\": {}}]"}}, {"model": "admin.logentry", "pk": 26, "fields": {"action_time": "2022-11-13T18:39:10.705Z", "user": 1, "content_type": 10, "object_id": "3", "object_repr": "Сверредкий амогус", "action_flag": 1, "change_message": "[{\"added\": {}}]"}}, {"model": "admin.logentry", "pk": 27, "fields": {"action_time": "2022-11-13T18:39:24.648Z", "user": 1, "content_type": 10, "object_id": "3", "object_repr": "Сверхредкий амогус", "action_flag": 2, "change_message": "[{\"changed\": {\"fields\": [\"\\u0418\\u043c\\u044f\"]}}]"}}, {"model": "admin.logentry", "pk": 28, "fields": {"action_time": "2022-11-13T18:40:16.489Z", "user": 1, "content_type": 10, "object_id": "3", "object_repr": "Сверхредкий амогус", "action_flag": 2, "change_message": "[{\"changed\": {\"fields\": [\"\\u0424\\u043b\\u0430\\u0433\"]}}]"}}, {"model": "admin.logentry", "pk": 29, "fields": {"action_time": "2022-11-13T18:40:24.773Z", "user": 1, "content_type": 10, "object_id": "3", "object_repr": "Сверхредкий амогус", "action_flag": 2, "change_message": "[{\"changed\": {\"fields\": [\"\\u0424\\u043b\\u0430\\u0433\"]}}]"}}, {"model": "admin.logentry", "pk": 30, "fields": {"action_time": "2022-11-13T18:43:58.680Z", "user": 1, "content_type": 9, "object_id": "6", "object_repr": "Песочный", "action_flag": 1, "change_message": "[{\"added\": {}}]"}}, {"model": "admin.logentry", "pk": 31, "fields": {"action_time": "2022-11-13T18:44:30.165Z", "user": 1, "content_type": 10, "object_id": "4", "object_repr": "Колючий амогус", "action_flag": 1, "change_message": "[{\"added\": {}}]"}}, {"model": "admin.logentry", "pk": 32, "fields": {"action_time": "2022-11-13T18:45:53.679Z", "user": 1, "content_type": 7, "object_id": "4", "object_repr": "Редкий", "action_flag": 1, "change_message": "[{\"added\": {}}]"}}, {"model": "admin.logentry", "pk": 33, "fields": {"action_time": "2022-11-13T18:46:16.814Z", "user": 1, "content_type": 9, "object_id": "7", "object_repr": "Сверхредкий", "action_flag": 1, "change_message": "[{\"added\": {}}]"}}, {"model": "admin.logentry", "pk": 34, "fields": {"action_time": "2022-11-13T18:47:20.537Z", "user": 1, "content_type": 10, "object_id": "5", "object_repr": "Водяной амогус", "action_flag": 1, "change_message": "[{\"added\": {}}]"}}, {"model": "admin.logentry", "pk": 35, "fields": {"action_time": "2022-11-13T18:48:36.180Z", "user": 1, "content_type": 10, "object_id": "5", "object_repr": "Водяной амогус", "action_flag": 2, "change_message": "[{\"changed\": {\"fields\": [\"\\u041f\\u0440\\u0435\\u0432\\u044c\\u044e\"]}}]"}}, {"model": "admin.logentry", "pk": 36, "fields": {"action_time": "2022-11-13T18:57:19.091Z", "user": 1, "content_type": 10, "object_id": "5", "object_repr": "Водяной амогус", "action_flag": 2, "change_message": "[{\"changed\": {\"fields\": [\"\\u041f\\u0440\\u0435\\u0432\\u044c\\u044e\"]}}]"}}, {"model": "admin.logentry", "pk": 37, "fields": {"action_time": "2022-11-14T13:18:57.486Z", "user": 1, "content_type": 9, "object_id": "8", "object_repr": "Эпик", "action_flag": 1, "change_message": "[{\"added\": {}}]"}}, {"model": "admin.logentry", "pk": 38, "fields": {"action_time": "2022-11-14T13:19:18.134Z", "user": 1, "content_type": 10, "object_id": "6", "object_repr": "Золотой амогус", "action_flag": 1, "change_message": "[{\"added\": {}}]"}}, {"model": "admin.logentry", "pk": 39, "fields": {"action_time": "2022-11-14T13:20:23.023Z", "user": 1, "content_type": 7, "object_id": "5", "object_repr": "Ад", "action_flag": 1, "change_message": "[{\"added\": {}}]"}}, {"model": "admin.logentry", "pk": 40, "fields": {"action_time": "2022-11-14T13:20:38.333Z", "user": 1, "content_type": 9, "object_id": "9", "object_repr": "Адский", "action_flag": 1, "change_message": "[{\"added\": {}}]"}}, {"model": "admin.logentry", "pk": 41, "fields": {"action_time": "2022-11-14T13:21:58.129Z", "user": 1, "content_type": 10, "object_id": "7", "object_repr": "Амогус дракон", "action_flag": 1, "change_message": "[{\"added\": {}}]"}}, {"model": "admin.logentry", "pk": 42, "fields": {"action_time": "2022-11-14T13:22:04.366Z", "user": 1, "content_type": 10, "object_id": "7", "object_repr": "Амогус дракон", "action_flag": 2, "change_message": "[{\"changed\": {\"fields\": [\"\\u041a\\u0430\\u0442\\u0435\\u0433\\u043e\\u0440\\u0438\\u0438\"]}}]"}}, {"model": "admin.logentry", "pk": 43, "fields": {"action_time": "2022-11-14T13:22:09.679Z", "user": 1, "content_type": 10, "object_id": "7", "object_repr": "Амогус дракон", "action_flag": 2, "change_message": "[]"}}, {"model": "auth.permission", "pk": 1, "fields": {"name": "Can add log entry", "content_type": 1, "codename": "add_logentry"}}, {"model": "auth.permission", "pk": 2, "fields": {"name": "Can change log entry", "content_type": 1, "codename": "change_logentry"}}, {"model": "auth.permission", "pk": 3, "fields": {"name": "Can delete log entry", "content_type": 1, "codename": "delete_logentry"}}, {"model": "auth.permission", "pk": 4, "fields": {"name": "Can view log entry", "content_type": 1, "codename": "view_logentry"}}, {"model": "auth.permission", "pk": 5, "fields": {"name": "Can add permission", "content_type": 2, "codename": "add_permission"}}, {"model": "auth.permission", "pk": 6, "fields": {"name": "Can change permission", "content_type": 2, "codename": "change_permission"}}, {"model": "auth.permission", "pk": 7, "fields": {"name": "Can delete permission", "content_type": 2, "codename": "delete_permission"}}, {"model": "auth.permission", "pk": 8, "fields": {"name": "Can view permission", "content_type": 2, "codename": "view_permission"}}, {"model": "auth.permission", "pk": 9, "fields": {"name": "Can add group", "content_type": 3, "codename": "add_group"}}, {"model": "auth.permission", "pk": 10, "fields": {"name": "Can change group", "content_type": 3, "codename": "change_group"}}, {"model": "auth.permission", "pk": 11, "fields": {"name": "Can delete group", "content_type": 3, "codename": "delete_group"}}, {"model": "auth.permission", "pk": 12, "fields": {"name": "Can view group", "content_type": 3, "codename": "view_group"}}, {"model": "auth.permission", "pk": 13, "fields": {"name": "Can add user", "content_type": 4, "codename": "add_user"}}, {"model": "auth.permission", "pk": 14, "fields": {"name": "Can change user", "content_type": 4, "codename": "change_user"}}, {"model": "auth.permission", "pk": 15, "fields": {"name": "Can delete user", "content_type": 4, "codename": "delete_user"}}, {"model": "auth.permission", "pk": 16, "fields": {"name": "Can view user", "content_type": 4, "codename": "view_user"}}, {"model": "auth.permission", "pk": 17, "fields": {"name": "Can add content type", "content_type": 5, "codename": "add_contenttype"}}, {"model": "auth.permission", "pk": 18, "fields": {"name": "Can change content type", "content_type": 5, "codename": "change_contenttype"}}, {"model": "auth.permission", "pk": 19, "fields": {"name": "Can delete content type", "content_type": 5, "codename": "delete_contenttype"}}, {"model": "auth.permission", "pk": 20, "fields": {"name": "Can view content type", "content_type": 5, "codename": "view_contenttype"}}, {"model": "auth.permission", "pk": 21, "fields": {"name": "Can add session", "content_type": 6, "codename": "add_session"}}, {"model": "auth.permission", "pk": 22, "fields": {"name": "Can change session", "content_type": 6, "codename": "change_session"}}, {"model": "auth.permission", "pk": 23, "fields": {"name": "Can delete session", "content_type": 6, "codename": "delete_session"}}, {"model": "auth.permission", "pk": 24, "fields": {"name": "Can view session", "content_type": 6, "codename": "view_session"}}, {"model": "auth.permission", "pk": 25, "fields": {"name": "Can add категория", "content_type": 7, "codename": "add_category"}}, {"model": "auth.permission", "pk": 26, "fields": {"name": "Can change категория", "content_type": 7, "codename": "change_category"}}, {"model": "auth.permission", "pk": 27, "fields": {"name": "Can delete категория", "content_type": 7, "codename": "delete_category"}}, {"model": "auth.permission", "pk": 28, "fields": {"name": "Can view категория", "content_type": 7, "codename": "view_category"}}, {"model": "auth.permission", "pk": 29, "fields": {"name": "Can add главная фотография", "content_type": 8, "codename": "add_mainphoto"}}, {"model": "auth.permission", "pk": 30, "fields": {"name": "Can change главная фотография", "content_type": 8, "codename": "change_mainphoto"}}, {"model": "auth.permission", "pk": 31, "fields": {"name": "Can delete главная фотография", "content_type": 8, "codename": "delete_mainphoto"}}, {"model": "auth.permission", "pk": 32, "fields": {"name": "Can view главная фотография", "content_type": 8, "codename": "view_mainphoto"}}, {"model": "auth.permission", "pk": 33, "fields": {"name": "Can add тэг", "content_type": 9, "codename": "add_tag"}}, {"model": "auth.permission", "pk": 34, "fields": {"name": "Can change тэг", "content_type": 9, "codename": "change_tag"}}, {"model": "auth.permission", "pk": 35, "fields": {"name": "Can delete тэг", "content_type": 9, "codename": "delete_tag"}}, {"model": "auth.permission", "pk": 36, "fields": {"name": "Can view тэг", "content_type": 9, "codename": "view_tag"}}, {"model": "auth.permission", "pk": 37, "fields": {"name": "Can add товар", "content_type": 10, "codename": "add_item"}}, {"model": "auth.permission", "pk": 38, "fields": {"name": "Can change товар", "content_type": 10, "codename": "change_item"}}, {"model": "auth.permission", "pk": 39, "fields": {"name": "Can delete товар", "content_type": 10, "codename": "delete_item"}}, {"model": "auth.permission", "pk": 40, "fields": {"name": "Can view товар", "content_type": 10, "codename": "view_item"}}, {"model": "auth.permission", "pk": 41, "fields": {"name": "Can add галерея фотографии", "content_type": 11, "codename": "add_gallery"}}, {"model": "auth.permission", "pk": 42, "fields": {"name": "Can change галерея фотографии", "content_type": 11, "codename": "change_gallery"}}, {"model": "auth.permission", "pk": 43, "fields": {"name": "Can delete галерея фотографии", "content_type": 11, "codename": "delete_gallery"}}, {"model": "auth.permission", "pk": 44, "fields": {"name": "Can view галерея фотографии", "content_type": 11, "codename": "view_gallery"}}, {"model": "auth.permission", "pk": 45, "fields": {"name": "Can add kv store", "content_type": 12, "codename": "add_kvstore"}}, {"model": "auth.permission", "pk": 46, "fields": {"name": "Can change kv store", "content_type": 12, "codename": "change_kvstore"}}, {"model": "auth.permission", "pk": 47, "fields": {"name": "Can delete kv store", "content_type": 12, "codename": "delete_kvstore"}}, {"model": "auth.permission", "pk": 48, "fields": {"name": "Can view kv store", "content_type": 12, "codename": "view_kvstore"}}, {"model": "auth.user", "pk": 1, "fields": {"password": "pbkdf2_sha256$260000$g9OoIm7xUZImIPUmWCgcN1$Fo2OTHJ83yg8y5duer3cHUD8uwDqJjKGGbPmVclunK0=", "last_login": "2022-11-10T15:46:55.606Z", "is_superuser": true, "username": "1", "first_name": "", "last_name": "", "email": "sdfd@grdgf.ru", "is_staff": true, "is_active": true, "date_joined": "2022-11-08T15:15:31.445Z", "groups": [], "user_permissions": []}}, {"model": "contenttypes.contenttype", "pk": 1, "fields": {"app_label": "admin", "model": "logentry"}}, {"model": "contenttypes.contenttype", "pk": 2, "fields": {"app_label": "auth", "model": "permission"}}, {"model": "contenttypes.contenttype", "pk": 3, "fields": {"app_label": "auth", "model": "group"}}, {"model": "contenttypes.contenttype", "pk": 4, "fields": {"app_label": "auth", "model": "user"}}, {"model": "contenttypes.contenttype", "pk": 5, "fields": {"app_label": "contenttypes", "model": "contenttype"}}, {"model": "contenttypes.contenttype", "pk": 6, "fields": {"app_label": "sessions", "model": "session"}}, {"model": "contenttypes.contenttype", "pk": 7, "fields": {"app_label": "catalog", "model": "category"}}, {"model": "contenttypes.contenttype", "pk": 8, "fields": {"app_label": "catalog", "model": "mainphoto"}}, {"model": "contenttypes.contenttype", "pk": 9, "fields": {"app_label": "catalog", "model": "tag"}}, {"model": "contenttypes.contenttype", "pk": 10, "fields": {"app_label": "catalog", "model": "item"}}, {"model": "contenttypes.contenttype", "pk": 11, "fields": {"app_label": "catalog", "model": "gallery"}}, {"model": "contenttypes.contenttype", "pk": 12, "fields": {"app_label": "thumbnail", "model": "kvstore"}}, {"model": "sessions.session", "pk": "joque6ihorf4outjrhx471uv51ed93k6", "fields": {"session_data": ".eJxVjDsOwjAQBe_iGln-bdampM8ZrPXa4ABypDipEHeHSCmgfTPzXiLStta49bLEKYuz0OL0uyXiR2k7yHdqt1ny3NZlSnJX5EG7HOdcnpfD_Tuo1Ou3HpxPDEYFxmQJuQQGl60B0jZrUgCGcUCkFLSzCFevwXrHgQkNKiPeH83qNuA:1ot9lX:Zeybtms1t9PrSS1OsznZvupyy-fByuppaBvXYAFuWKc", "expire_date": "2022-11-24T15:46:55.693Z"}}, {"model": "sessions.session", "pk": "mz1091ktan6f6kko8qa213vjq6w9ekau", "fields": {"session_data": ".eJxVjDsOwjAQBe_iGln-bdampM8ZrPXa4ABypDipEHeHSCmgfTPzXiLStta49bLEKYuz0OL0uyXiR2k7yHdqt1ny3NZlSnJX5EG7HOdcnpfD_Tuo1Ou3HpxPDEYFxmQJuQQGl60B0jZrUgCGcUCkFLSzCFevwXrHgQkNKiPeH83qNuA:1osQKF:EbLXZr6_u_sswEPkp39JwL1032SKFXvXajrAMGd3E30", "expire_date": "2022-11-22T15:15:43.424Z"}}, {"model": "catalog.item", "pk": 2, "fields": {"is_published": true, "name": "Зеленый амогус", "text": "<p>Этот привлекательный амогу сделан из изысканых полей ананасов. Роскошно!</p>", "category": 2, "photo": "uploads/2022/11/13/greenamogus.png", "is_on_main": true, "tag": [2, 3]}}, {"model": "catalog.item", "pk": 3, "fields": {"is_published": true, "name": "Сверхредкий амогус", "text": "<p>Он попадается в шахтах и пещерах. Шанс его найти близиться к 0. Роскошно, великолепно</p>", "category": 3, "photo": "img/defaultphoto.jpg", "is_on_main": false, "tag": [4, 5]}}, {"model": "catalog.item", "pk": 4, "fields": {"is_published": true, "name": "Колючий амогус", "text": "<p>Данный образец можно добыть только в жарких пустынях. Он как кактус, везде. Превосходно :)</p>", "category": 2, "photo": "uploads/2022/11/13/littleamogus.jpg", "is_on_main": false, "tag": [3, 6]}}, {"model": "catalog.item", "pk": 5, "fields": {"is_published": true, "name": "Водяной амогус", "text": "<p>Прибыл прямиком из глубин волшебного океана \"Полярис\". Роскошно!</p>", "category": 4, "photo": "uploads/2022/11/13/blueamogus_eZqy6sQ.jpeg", "is_on_main": true, "tag": [7]}}, {"model": "catalog.item", "pk": 6, "fields": {"is_published": true, "name": "Золотой амогус", "text": "<p>Золотой амогус, полностью сделан из 999 каратного золота, роскошно</p>", "category": 3, "photo": "img/defaultphoto.jpg", "is_on_main": true, "tag": [4, 8]}}, {"model": "catalog.item", "pk": 7, "fields": {"is_published": true, "name": "Амогус дракон", "text": "<p>ОН МОЖЕТ ИЗВЕРГАТЬ ПЛАМЯ?! роскошно</p>", "category": 3, "photo": "uploads/2022/11/14/hellamogus.jpg", "is_on_main": true, "tag": [9]}}, {"model": "catalog.tag", "pk": 1, "fields": {"is_published": true, "name": "fghgf", "slug": "fghgfh"}}, {"model": "catalog.tag", "pk": 2, "fields": {"is_published": true, "name": "Сладкое", "slug": "sugar"}}, {"model": "catalog.tag", "pk": 3, "fields": {"is_published": true, "name": "Вкусное", "slug": "Yummy"}}, {"model": "catalog.tag", "pk": 4, "fields": {"is_published": true, "name": "Эпический", "slug": "Epic"}}, {"model": "catalog.tag", "pk": 5, "fields": {"is_published": true, "name": "Алмазный", "slug": "Deamond"}}, {"model": "catalog.tag", "pk": 6, "fields": {"is_published": true, "name": "Песочный", "slug": "Pesok"}}, {"model": "catalog.tag", "pk": 7, "fields": {"is_published": true, "name": "Сверхредкий", "slug": "slug"}}, {"model": "catalog.tag", "pk": 8, "fields": {"is_published": true, "name": "Эпик", "slug": "er"}}, {"model": "catalog.tag", "pk": 9, "fields": {"is_published": true, "name": "Адский", "slug": "Helll"}}, {"model": "catalog.category", "pk": 2, "fields": {"is_published": true, "name": "Обычный", "slug": "Amogus", "weight": 100}}, {"model": "catalog.category", "pk": 3, "fields": {"is_published": true, "name": "Эпический", "slug": "Epic", "weight": 100}}, {"model": "catalog.category", "pk": 4, "fields": {"is_published": true, "name": "Редкий", "slug": "Rare", "weight": 100}}, {"model": "catalog.category", "pk": 5, "fields": {"is_published": true, "name": "Ад", "slug": "Hell", "weight": 100}}, {"model": "catalog.gallery", "pk": 4, "fields": {"photo": "uploads/2022/11/13/littleamogus.png", "gallery": 2}}, {"model": "catalog.gallery", "pk": 5, "fields": {"photo": "uploads/2022/11/13/defaultphoto.jpg", "gallery": 2}}, {"model": "thumbnail.kvstore", "pk": "sorl-thumbnail||image||0621b1b4b2afbbf0c3bf3940b6e0c67d", "fields": {"value": "{\"name\": \"cache/f0/d2/f0d207d9f51cb7f960482260b46ada4d.jpg\", \"storage\": \"django.core.files.storage.FileSystemStorage\", \"size\": [300, 300]}"}}, {"model": "thumbnail.kvstore", "pk": "sorl-thumbnail||image||122199d3afd2485419b7a1d468823684", "fields": {"value": "{\"name\": \"cache/24/a6/24a6127a548ceb1375d8d76d5405e69a.jpg\", \"storage\": \"django.core.files.storage.FileSystemStorage\", \"size\": [300, 300]}"}}, {"model": "thumbnail.kvstore", "pk": "sorl-thumbnail||image||1f52171e0808cb0f9259eea904c2179d", "fields": {"value": "{\"name\": \"uploads/2022/11/13/greenamogus.png\", \"storage\": \"django.core.files.storage.FileSystemStorage\", \"size\": [3070, 3070]}"}}, {"model": "thumbnail.kvstore", "pk": "sorl-thumbnail||image||35140a701daa9d208d09635126e9c153", "fields": {"value": "{\"name\": \"cache/da/61/da613610fc9d31723394b8389fd613c5.jpg\", \"storage\": \"django.core.files.storage.FileSystemStorage\", \"size\": [300, 300]}"}}, {"model": "thumbnail.kvstore", "pk": "sorl-thumbnail||image||4d2613a41ba86119eacccd6c6edb4b69", "fields": {"value": "{\"name\": \"img/defaultphoto.jpg\", \"storage\": \"django.core.files.storage.FileSystemStorage\", \"size\": [553, 553]}"}}, {"model": "thumbnail.kvstore", "pk": "sorl-thumbnail||image||4d26adddde66df436a458ab6f087baa5", "fields": {"value": "{\"name\": \"cache/14/1f/141fd2e9c87d3b781068ede9cc223729.jpg\", \"storage\": \"django.core.files.storage.FileSystemStorage\", \"size\": [300, 300]}"}}, {"model": "thumbnail.kvstore", "pk": "sorl-thumbnail||image||5125bf8817c9a306620f7625d6bc34a9", "fields": {"value": "{\"name\": \"uploads/2022/11/08/defaultphoto.jpg\", \"storage\": \"django.core.files.storage.FileSystemStorage\", \"size\": [553, 553]}"}}, {"model": "thumbnail.kvstore", "pk": "sorl-thumbnail||image||55428bc09cdf2c896165f5cead8f1673", "fields": {"value": "{\"name\": \"cache/43/06/43068362242c0683657605350431ac81.jpg\", \"storage\": \"django.core.files.storage.FileSystemStorage\", \"size\": [300, 300]}"}}, {"model": "thumbnail.kvstore", "pk": "sorl-thumbnail||image||6f369209fe2e3f512d7f80fdabff7df5", "fields": {"value": "{\"name\": \"uploads/2022/11/09/whiteamogus.png\", \"storage\": \"django.core.files.storage.FileSystemStorage\", \"size\": [139, 179]}"}}, {"model": "thumbnail.kvstore", "pk": "sorl-thumbnail||image||739b94b3d884980c4bb0c5d343a2187c", "fields": {"value": "{\"name\": \"uploads/2022/11/13/littleamogus.jpg\", \"storage\": \"django.core.files.storage.FileSystemStorage\", \"size\": [736, 736]}"}}, {"model": "thumbnail.kvstore", "pk": "sorl-thumbnail||image||74c9e8ae552947558f11fb4aaca1aeda", "fields": {"value": "{\"name\": \"uploads/2022/11/14/hellamogus.jpg\", \"storage\": \"django.core.files.storage.FileSystemStorage\", \"size\": [679, 638]}"}}, {"model": "thumbnail.kvstore", "pk": "sorl-thumbnail||image||8b11d2b37ddb42405761804dbcb4e7fb", "fields": {"value": "{\"name\": \"cache/e3/c5/e3c539c65a7f7bf9ee93457ca63f205a.jpg\", \"storage\": \"django.core.files.storage.FileSystemStorage\", \"size\": [300, 300]}"}}, {"model": "thumbnail.kvstore", "pk": "sorl-thumbnail||image||8eb1b1b1f1c4f7dc88b4a20d7b10c003", "fields": {"value": "{\"name\": \"cache/ce/a3/cea30eb1321145c5830b6bea3504c54a.jpg\", \"storage\": \"django.core.files.storage.FileSystemStorage\", \"size\": [300, 300]}"}}, {"model": "thumbnail.kvstore", "pk": "sorl-thumbnail||image||a3289172a1e6d446c0580ed8e2c8e219", "fields": {"value": "{\"name\": \"cache/16/b5/16b5c0c98fbf0cda22177ee9ff95c801.jpg\", \"storage\": \"django.core.files.storage.FileSystemStorage\", \"size\": [300, 300]}"}}, {"model": "thumbnail.kvstore", "pk": "sorl-thumbnail||image||a6f46155a1ff9570a5a6591f5e00d7b9", "fields": {"value": "{\"name\": \"uploads/2022/11/13/blueamogus_eZqy6sQ.jpeg\", \"storage\": \"django.core.files.storage.FileSystemStorage\", \"size\": [474, 305]}"}}, {"model": "thumbnail.kvstore", "pk": "sorl-thumbnail||image||b23612784f45dfc741d17beca22c010f", "fields": {"value": "{\"name\": \"uploads/2022/11/09/littleamogus.png\", \"storage\": \"django.core.files.storage.FileSystemStorage\", \"size\": [736, 736]}"}}, {"model": "thumbnail.kvstore", "pk": "sorl-thumbnail||image||be9b338cf6b93792a454b3420b23b5d6", "fields": {"value": "{\"name\": \"uploads/2022/11/08/image183-1-1.jpg\", \"storage\": \"django.core.files.storage.FileSystemStorage\", \"size\": [1080, 1080]}"}}, {"model": "thumbnail.kvstore", "pk": "sorl-thumbnail||image||c89809b4ad539b4a41b01a45daeab5ae", "fields": {"value": "{\"name\": \"cache/4f/42/4f423faddc7c22b4c18b63a70b15be3d.jpg\", \"storage\": \"django.core.files.storage.FileSystemStorage\", \"size\": [300, 300]}"}}, {"model": "thumbnail.kvstore", "pk": "sorl-thumbnail||image||cc3e0e221978e46642875814be2c95c3", "fields": {"value": "{\"name\": \"uploads/2022/11/13/blueamogus.jpeg\", \"storage\": \"django.core.files.storage.FileSystemStorage\", \"size\": [474, 305]}"}}, {"model": "thumbnail.kvstore", "pk": "sorl-thumbnail||image||f498d0b7ae50d7ee8c10b16c68b2aea4", "fields": {"value": "{\"name\": \"cache/57/c0/57c087c28380957d0d0a5f8ba87640c2.jpg\", \"storage\": \"django.core.files.storage.FileSystemStorage\", \"size\": [300, 300]}"}}, {"model": "thumbnail.kvstore", "pk": "sorl-thumbnail||thumbnails||1f52171e0808cb0f9259eea904c2179d", "fields": {"value": "[\"55428bc09cdf2c896165f5cead8f1673\"]"}}, {"model": "thumbnail.kvstore", "pk": "sorl-thumbnail||thumbnails||4d2613a41ba86119eacccd6c6edb4b69", "fields": {"value": "[\"8eb1b1b1f1c4f7dc88b4a20d7b10c003\"]"}}, {"model": "thumbnail.kvstore", "pk": "sorl-thumbnail||thumbnails||5125bf8817c9a306620f7625d6bc34a9", "fields": {"value": "[\"122199d3afd2485419b7a1d468823684\"]"}}, {"model": "thumbnail.kvstore", "pk": "sorl-thumbnail||thumbnails||6f369209fe2e3f512d7f80fdabff7df5", "fields": {"value": "[\"c89809b4ad539b4a41b01a45daeab5ae\"]"}}, {"model": "thumbnail.kvstore", "pk": "sorl-thumbnail||thumbnails||739b94b3d884980c4bb0c5d343a2187c", "fields": {"value": "[\"8b11d2b37ddb42405761804dbcb4e7fb\"]"}}, {"model": "thumbnail.kvstore", "pk": "sorl-thumbnail||thumbnails||74c9e8ae552947558f11fb4aaca1aeda", "fields": {"value": "[\"a3289172a1e6d446c0580ed8e2c8e219\"]"}}, {"model": "thumbnail.kvstore", "pk": "sorl-thumbnail||thumbnails||a6f46155a1ff9570a5a6591f5e00d7b9", "fields": {"value": "[\"35140a701daa9d208d09635126e9c153\"]"}}, {"model": "thumbnail.kvstore", "pk": "sorl-thumbnail||thumbnails||b23612784f45dfc741d17beca22c010f", "fields": {"value": "[\"0621b1b4b2afbbf0c3bf3940b6e0c67d\"]"}}, {"model": "thumbnail.kvstore", "pk": "sorl-thumbnail||thumbnails||be9b338cf6b93792a454b3420b23b5d6", "fields": {"value": "[\"4d26adddde66df436a458ab6f087baa5\"]"}}, {"model": "thumbnail.kvstore", "pk": "sorl-thumbnail||thumbnails||cc3e0e221978e46642875814be2c95c3", "fields": {"value": "[\"f498d0b7ae50d7ee8c10b16c68b2aea4\"]"}}]